name,age
Dot Stronge,61
Johanna Attle,12
Margery De Lascy,59
Denys Figgures,8
Shawn Jess,85
Yelena Ramet,77
Patti Guppey,64
Lina Haversum,15
Maximilien Beglin,19
Nadeen Carbert,34
Ardra Blagbrough,41
Kynthia Rowley,71
Chilton Burdfield,48
Caron Cullinan,54
Pru Rodenburgh,72
Edythe Tennison,16
Danell Stern,46
Elwyn Gregan,54
Spencer Entreis,62
Danie Davydoch,45
Daisy Hellier,89
Bryna Gibbons,46
Burnaby Entreis,84
Gasper Portail,28
Raimundo Skitt,19
Gaylene Cowle,19
Karola Knell,81
Leonhard Ryce,48
Meggie Agge,17
Gregoire Grimble,62
Ruben Flea,83
Garfield Semrad,49
Elizabet Gillan,58
Belia Satchel,90
Dannye Carrabott,81
Kara Oxenham,51
Ludovika Terbeek,38
Erinn Brickwood,39
Vin Boshard,88
Trudi Fillary,66
Padraig Luberti,72
Regan Doick,60
Sam Wallwood,69
Fidole Stower,93
Griz Pering,48
Garvy Amery,15
Rosalyn Caesman,47
Tucker Meatcher,68
Isa Grundy,57
Shayna Stother,25
Zaria Gilhoolie,8
Abba Norwell,65
Tibold Scotts,56
Bird Kintish,86
Chelsae Townley,32
Jojo Baron,16
Brennan Lackie,40
Phaedra Kenneford,12
Giustino Gerler,71
Beniamino Blakeway,2
Marchall Fenton,1
Wiatt McNeillie,76
Codi Vasilmanov,11
Kial Goldstone,20
Rancell Kiley,80
Buddy Betham,23
Stearn Greenhalf,40
Daryl Paradine,31
Lamont Kissick,50
Bethena Genny,85
Tandi Alcock,12
Chaddy Bourdon,10
Maren Marchand,75
Danya Tomankiewicz,20
Rocky Reston,93
Maurizia Hearnshaw,64
Enrichetta Sturridge,58
Con Harmond,66
Cherlyn Layhe,57
Giraud Ditzel,43
Donella Cristou,79
Lizabeth Eustes,36
Jobey Charer,77
Leoline Ashard,80
Martyn Sandercock,78
Emeline Suston,58
Aldis Lamperd,48
Ugo Huston,49
Aimil Bunclark,94
Tanhya Featonby,62
Garvin Hentze,3
Heinrick Dust,43
Wendel Labram,3
Persis Matsell,75
Osbert Gunny,86
Rayna Finney,41
Carmelle Booker,89
Galven Westby,37
Queenie Askie,56
Felizio Dahlberg,16
Damian Moorhead,30
Vanessa Deschlein,62
Lazar Long,36
Daryn Helks,48
Humberto Klimkiewich,62
Barb Connor,20
Mac Comello,16
Alvis Limeburner,72
Sarajane Wardlaw,63
Meier Knoble,10
Francklin Jansson,79
Xena Detoc,6
Evered Sowter,42
Eberhard Blaker,19
Erin Egdell,49
Bil Ohrt,85
Allyn Van Der Walt,25
Trixie Milillo,80
Vito Yannikov,11
Amalle Swalwel,46
Tailor Ducroe,93
Estella Snooks,62
Mead Bennetts,78
Osbourn Sidgwick,63
Nerty Mohamed,10
Bailie Sellek,73
Clemente Bispo,56
Rick Simcox,17
Willetta Trebble,91
Payton Bestiman,5
Taffy Partlett,49
Reagen Fuentez,93
Kippy Kosiada,60
Hunt Allender,10
Tiertza Wyllis,17
Eryn Cannings,52
Vania Domange,29
Kelly Atty,5
Cesya Wrassell,15
Michaeline Abdie,56
Tilda Kop,7
Rennie Taffurelli,37
Konrad Danter,51
Maxwell Enstone,64
Ferdy Kerby,86
Hendrick Yurikov,43
Hoebart Drayson,1
Gennie Oliva,48
Gabbi Patrono,6
Kaila Stadden,70
Hanny Merrigans,77
Cirstoforo Ashard,51
Ermin Cains,79
Vernon Gudahy,74
Jenica Bergen,42
Cori Losbie,8
Augustina Langfat,82
Danyette Bidder,49
Garreth Arderne,69
Bank Catchpole,48
Percy Rhydderch,37
Cindee McCoid,30
Sammy O'Hickey,81
Goraud Hewins,86
Armstrong McNeill,51
Mort Carlet,26
Mignon Caldecott,84
Beau Surgeoner,14
Luella Merrien,21
Jodee Backsal,75
Travus Haggish,64
Shina Cardoe,63
Kimberli McGunley,50
Ripley Hampshire,43
Abigail McKendry,37
Dawn Carney,26
Bridget Dinnington,87
Sergent Chasen,33
Benji Bottlestone,50
Arlee Blundel,52
Abran Caroll,43
Irvin Argente,22
Lea Berriman,17
Randi Gerauld,5
Allsun Blabey,9
Rudiger Andreutti,8
Ranice Compton,7
Sheridan Nozzolinii,69
Michal Anglish,82
Rhea Kiossel,5
Rhianon Backson,73
Lona Sweeney,80
Kevina Parkins,88
Garwin Colegate,86
Electra Faber,50
Kenyon Venard,40
Josselyn Skynner,70
Vinnie Jealous,51
Anson Eagle,50
Roseanna Hacksby,52
Magnum Tappington,61
Karina Theobalds,88
Eric Grundell,47
Mehetabel Pfleger,85
Tiler Realff,71
Cordelie Darcy,25
Jacquelyn Murphy,19
Asa Sallier,26
Rob Tevelov,4
Patti Waleran,36
Grier Skarr,43
Aguistin Roderick,57
Norah Callingham,55
Walden Nare,59
Annabal Leigh,27
Merline Kobiera,53
Terrel Dansken,80
Ranna Hursey,52
Merill Tankard,41
Gusty Dowsett,90
Dev Maulden,74
Annadiane Kimm,43
Henri Fuchs,74
Thane Ducker,50
Mike Marconi,33
Allyn Heisler,67
Eugene Wakerley,38
Davida Bake,38
Adolf Skoyles,70
Paquito Fosdike,6
Fayth Dallyn,40
Amalee Duckitt,31
Matilde Rosenstiel,46
Ethe Puvia,33
Tersina Hanton,9
Archaimbaud Casterou,42
Devinne Gerard,89
Billi Lambswood,43
Jeff Landy,37
Daron Foddy,44
Zara Kitchenman,86
Josepha Rowan,90
Deanna Greedy,28
Neilla Rawe,62
Laurel Vasyutochkin,53
Lucais Comsty,22
Briana Askew,16
Haskell Torra,22
Monah Summons,37
Shalne Authers,28
Cristal Jansie,12
Devon Fehely,35
Dee Djurevic,50
Hymie Longstreeth,15
Hamilton Doe,66
Karlotta Chessum,65
Arleen Maudlen,29
Yancey Arber,6
Annamaria Gemlett,87
Jamaal Sherburn,12
Sonnie Goodyer,94
Ali Scothern,14
Lorine Dillinger,34
Alastair Matheson,38
Alanson Truter,13
Kerrin Lardez,89
Lucie Duggon,20
Emelda Althrope,35
Walker Maddaford,73
Georg Parlett,7
Sib Shippey,5
Page Richarz,5
Claybourne Barrus,40
Frieda Kenningham,90
Herbert Ebertz,72
Constancy Addie,43
Peta Battson,11
Michaeline Haugeh,16
Mariel Ceci,55
Donaugh Newband,64
Briny McClinton,70
Merissa Purshouse,23
Germain Heatherington,71
Dulsea Huertas,59
Judi Simanek,37
Florinda Ibbott,37
Chryste Ingles,21
Filide Wyer,4
Camellia Blaksland,52
Ginni Gilfoyle,52
Alison Clery,58
Rori Fills,42
Aguistin Gaffey,91
Prince McIlvaney,72
Budd Hamly,6
Rollins Wardlow,1
Alysa Caulder,18
Charyl Kneebone,75
Brett Minguet,54
Hastings Crookshanks,34
Dianemarie Petruskevich,29
Keri Hugin,32
Carlyn Fripps,18
Berkie Wedlake,46
Daffi Farmer,39
Idalia Grelka,83
Trixi Zanardii,83
Nedi Losebie,81
Salomone Ciccarello,21
Donnie Brauns,8
Malena Mocquer,61
Salim Maylor,1
Koral Mellmoth,67
Tate Elkin,95
Garey Viscovi,63
Maisie Moseley,25
Drucie Fazan,1
Evin Undrell,40
Brockie Swaden,49
Peder McClaurie,28
Ainslie Hewins,50
Skyler Hatt,1
Tera Kienle,74
Dalton Siggs,74
Nadeen Pieters,47
Renell McSharry,48
Haydon Byrcher,54
Phil Peppard,67
Dotti Rowlin,76
Mechelle McConnal,8
Vladimir Stelljes,39
Marge Cramb,54
Candra Severwright,3
Franchot Yushankin,86
Estrellita Hakking,52
Nessa Tregido,86
Benedick Prudence,41
Jud Fearfull,77
Tomlin Bowskill,33
Paolo Theml,42
Lyda Johanchon,51
Henry Mengue,31
Francisca Rumin,2
Benedick Dyka,44
Kiele Gothard,58
Drew Meneely,40
Charlie Petrecz,25
Cati McQuaid,32
Redd Aspling,5
Gnni Steer,84
Horton Punter,27
Alisa Filippi,41
Janella Karlsen,56
Essie Lahive,89
Teodorico Stain,59
Cal Dargan,15
Gregory Joslow,37
Edsel Graser,5
Chev Freund,75
Christoffer Hilbourne,74
Mireielle Boldison,47
Ailyn Pirt,72
Corinne Vickarman,79
Kassandra Mayman,13
Ailene Yeardsley,95
Doroteya Paolillo,3
Wren Tebbet,54
Debor Brennon,90
Dawna Pardal,54
Cecilius Romayn,23
Arlen Alleyn,94
Bordy Ochterlonie,5
Elmira Creffield,6
Nolie Snel,5
Ayn Tonna,2
Aileen Frayling,88
Addi Marrable,71
Bernhard Fraczek,15
Berky Wilkowski,54
Taddeusz Aubri,22
Kissee Taunton.,2
Minetta Pilgrim,29
Burt Gencke,91
Annamarie Popeley,50
Alli Rhymes,72
Terrence Tremonte,42
Jamey McCleary,64
Elena Peasby,85
Sibyl Jurasz,12
Salim Riediger,14
Hi Sheldrake,60
Anjela Donativo,34
Lydia Campling,58
Fields Cluderay,10
Rubi Bridgewood,82
Ker Ripper,20
Dimitry Tippin,83
Gregorio Greatbach,86
Graig Targetter,17
Mozes Hathway,27
Parker Andre,19
Farley Giovanitti,38
Herman Sebyer,40
Mab Pierrepoint,21
Quinn McKinnon,35
Hatty Swindall,22
Danie Fattori,30
Sandy Lile,72
Anselm Dowson,14
Emmalynne Brann,93
Cortney Da Costa,12
Tilda Crompton,86
Dell Deetch,32
Humfrey McGhee,53
Thatch Szymanzyk,80
Elberta Korbmaker,15
Regan Shiels,87
Burt Matteacci,13
Zechariah O'Kennavain,80
Harley Jayes,43
Dorothy Pitfield,57
Mace St. Quentin,20
Gennie Tuddenham,22
Jinny Pillifant,24
Aurelea Emm,15
Lindsay Aicheson,68
Christiano MacKeever,21
Starlin Peirazzi,1
Abbi Althrop,86
Wakefield Mortimer,59
Jozef Uden,1
Amandie Vecard,2
Almira Fouracre,90
Mei Ruane,69
Sheela Rustich,23
Leslie Stote,70
Flint Poole,27
Brose Tether,37
Tatiania Tregear,42
Giselle Gagin,64
Vidovik Hanlon,51
Tanhya Scallon,26
Sharyl Santen,78
Dorry Grancher,52
Konstanze Lanahan,73
Camey Bladesmith,26
Marsiella Hedan,2
Greg Oldford,74
Junina Baulch,27
Nancie Domonkos,15
Colver Ussher,18
Ernie Kleinmann,33
Berry Franz-Schoninger,25
Toma Dreinan,19
Guendolen Penhale,67
Rodolfo Kebbell,41
Joni Brader,51
Edwin MacGillavery,52
Xerxes Hanssmann,47
Nickie Corsor,61
Sandy Bosdet,56
Kipp Patershall,36
Maurits Skotcher,27
Verile Jaulme,63
Cletis Vasyukhichev,31
Candace Davidovics,5
Dotty Gowland,83
Lucien Cromleholme,8
Iggy Coast,91
Reginauld Queenborough,7
Brose Aldin,13
Lauren Lars,9
Bernette Comsty,16
D'arcy Shalcros,10
Buddie Brundrett,40
Dniren Scatcher,50
Norton Eye,3
Austina Baudino,47
Carver McKechnie,28
Konstantin Tomanek,65
Westbrook Leifer,72
Micky Mulvenna,24
Alec Stickney,92
Godfry Champneys,50
Piggy Conor,54
Brunhilda Krates,81
Devonne de Clercq,11
Emalia Beeson,66
Minni Swannack,41
Brad Bows,36
Lorita Argontt,58
Laureen Dragge,93
Eadmund Ridger,43
Cammi Edis,48
Ansel deKnevet,4
Reyna Muddle,68
Deloria Greet,32
Beret Sillars,20
Kermie Bilam,43
Clarisse Surmon,72
Rakel Salery,12
Luis Auletta,86
Saxe Selwyn,34
Heall Borthram,29
Reinaldo Waycott,34
Salaidh McLucky,30
Padraic Vassay,4
Carla Macieja,72
Jackquelin Oldroyd,91
Bridie Guidetti,45
Jade Dawby,63
Artie Paskin,29
Benito Corradino,2
Buffy Treffrey,94
Donetta Oxenham,92
Orbadiah Mulvany,39
Terrill Caw,88
Inge Stannislawski,33
Rudyard Stollenwerck,25
Sadie Oakeshott,74
Glenden Calow,1
Renato Nyssen,47
Padraic Fearnehough,85
Thatch Foulstone,93
Gareth Truter,93
Upton Sindall,78
Quinlan Clemence,29
Ardith Killich,50
Tuckie Scurman,9
Rab Schild,5
Kimmi Notman,39
Avictor Radmore,8
Gerda Becken,84
Wiatt Jaouen,63
Christa Savill,11
Roanna Pevie,9
Anallise Cuttle,88
Michal Coytes,74
Noell Eatttok,73
Collete Armand,1
Akim Ditter,19
Poul Baldacchi,50
Hastings Symmers,62
Carlie Trighton,95
Augustine Acum,58
Lorna McNelly,50
Calvin Lawlan,2
Blithe Voff,78
Wanids Eshelby,27
Cathyleen Witham,13
Malena Tilliards,39
Bryanty Gaynesford,91
Padraig Chapellow,17
Demeter Densey,77
Bret Campes,76
Dalis Tithacott,37
Anni Weatherhill,48
Lauraine Heisler,58
Juliana Callf,82
Irina Copo,43
Eadmund Kerner,71
Prudi Paulusch,8
Joanna Goldsworthy,45
Janina Dumbarton,65
Immanuel Mewe,66
Rich Duding,79
Beatriz Gaddie,62
Juli Tomasini,4
Leo Yeates,63
Marci Liverock,46
Baron Alves,7
Cecil Annis,61
Dinny Proby,63
Tasia MacWilliam,38
Killy Bigg,74
Gwen Pancoust,7
Dalli Hawkridge,1
Em Crossthwaite,92
Prescott Dunnett,26
Aube Quinney,79
Brigitta Rawlings,73
Bendicty Brompton,63
Jacynth Stokell,57
Roxanna Oughtright,54
Izak MacGill,70
Laure Faughnan,4
Katya Wassell,24
Gearard Lardner,57
Cad McKendo,6
Thane Mudle,17
Uta McHan,49
Denys Prangnell,20
Ario Culpan,46
Eolanda Lesper,9
Nixie Donson,6
Ania Coyne,23
Glennis Hanaby,52
Cristabel MacCracken,2
Laureen Taberner,28
Hervey Trevarthen,2
Isacco Rosier,9
Trina Cud,27
Doralynne Quaife,24
Rickey Kendal,62
Beckie Weben,82
Glenine Heugel,23
Keslie Balcon,80
Lalo Joules,19
Theodor Grinnell,70
Susanne Wheble,39
Jae Lennox,11
Royall Strickett,45
Melessa Bonsale,48
Will Staining,68
Bronny Brumbye,28
Sargent Itzkovsky,84
Corty Coe,50
Clive Cudihy,73
Gabe Sabbins,27
Gabby Norcott,87
Wilfrid Wasteney,55
Nyssa Wilby,23
Delores MacKnockiter,20
Trude Duckerin,65
Madelin Weigh,47
Calli Raecroft,67
Sarita Brennon,4
Florette Mathys,76
Dill Ault,64
Tab McJarrow,92
Joseito Pavelka,94
Tracie Spoor,77
Otis Pincott,39
Eugenia Readitt,28
Floyd Maxwaile,3
Hally Horick,53
Nappy Fearey,90
Lolly Jessard,35
Cherrita Strowger,31
Eilis MacNockater,34
Kirk Mechan,44
Angele Waiting,10
Phedra Espinoza,94
Roman Creaney,31
Rosy Gore,59
Fraze Jandourek,93
Micky Lassells,85
Anneliese Terron,69
Yalonda Galero,60
Marianna Antoniat,53
Aubine Yakunkin,50
Petey Prazor,23
Gabby Plaid,52
Jocelyne Morot,37
Stern Le Noire,50
Nickolaus Camden,13
Yulma Garms,2
Valaree Foxley,73
Janina Towll,7
Gypsy Hartshorne,39
Alex Lacotte,93
Scottie Savell,35
Rona Ree,37
Mendy Garlette,55
Codee Weadick,35
Adolf Wallsworth,39
Ailina Casado,39
Julie Ascrofte,11
Kalinda Millwall,90
Melli Lorens,35
Clerissa Stodhart,57
Jeniffer Bindin,4
Georgianne Butterfint,59
Lucais Cliffe,42
Chrystal Chitty,5
Tamra Ricciardo,61
Harv Tansley,20
Raye Downage,44
Waylan Goadbie,20
Thaine Hallen,50
Willyt Forman,22
Barbe Chattelaine,67
Jobi Willoughway,22
Madelena Giercke,35
Cristal Habbon,54
Giusto Bute,56
Bliss Rosson,36
Monroe Worboy,36
Aileen Armitt,79
Audry Chinn,14
Noemi Goodge,56
Torey Llorens,57
Kalina Statersfield,15
Darci Dumphy,14
Konstantin Crowcher,1
Kylynn Konzelmann,64
Suzanne O'Nions,18
Corine Neem,70
Wenona Johannesson,70
Joycelin Tattersfield,88
Trace Tibbotts,57
Adah Hartil,75
Marcelline Jeppe,74
Finlay Chazier,86
Herbert Crow,36
Carr Obee,4
Gretel Casterou,23
Sylvester Dootson,68
Dexter Merrin,9
Toddy Hryniewicki,51
Rooney Costy,13
Forest Shailer,67
Nada Bohlmann,29
Guinevere Malacrida,17
Aubine Hallows,56
Alana Bardill,59
Moishe Filgate,48
Marley O'Toole,36
James Geroldo,14
Delcina De Brett,57
Corrie Daft,54
Kyla Grocock,35
Garland O'Corrin,26
Shurlock Noweak,91
Alfi Bromby,29
Kimball Parzizek,82
Korney Courage,3
Aleece Fattori,94
Seana Stetlye,22
Jard Portinari,36
Ike Aspall,30
Bobbette Mariault,89
Emile Kitchenman,2
Christiane Robion,5
Leicester Hallam,57
Ophelie Marle,60
Maximilianus Ruusa,46
Luis Kelsall,5
Cher Ziems,52
Russ Baillie,67
Ardelis Bourdel,91
Konstance Monks,6
Rena Bursnall,41
Hinze Dalligan,40
La verne Harmer,43
Christian Lanaway,32
Kip Djorevic,11
El Mattevi,40
Petra Bishell,51
Myca Gooderson,15
Padriac McArthur,93
Alene McMorland,41
Karoline Michal,55
Jolie Errowe,59
Lee Toupe,74
Gail Dugood,26
Kata Heeran,82
Willey Trorey,60
Shirleen Oxtarby,74
Craggie Studdert,49
Bernard Carnaman,3
Garnet Mingauld,54
Amandy McKibbin,91
Daron Thumann,7
Gordon Waszkiewicz,24
Ealasaid Armell,4
Charmaine Hartburn,51
Geri Cheng,26
Ralina Denslow,59
Kalil Jilliss,5
Vivianna Bush,59
Hendrika Fitzsimmons,95
Meaghan Wolfenden,74
Lindon Mosten,13
Sonia Ramos,92
Susann Falkus,55
Antonio Guilbert,34
Bartholomew Bragginton,51
Jeanna McClay,75
Brenna Lytlle,75
Leigha Frise,51
Hyacinthe Coote,9
Rustin Beade,35
Poul Curphey,52
Jenelle Lukasen,80
Ianthe Winsome,28
Cassie Canavan,85
Bendick Gianolo,33
Lennard O'Hingerty,71
Skye Caren,57
Lorilyn Fontanet,11
Jocelyne Jablonski,45
Sorcha Python,71
Andreas Fisbey,46
Vittorio Taylo,55
Alia Budgey,4
Margie Thorndycraft,56
Mina Arrowsmith,37
Pietrek Crathern,14
Nomi Peabody,81
Homerus Hallor,22
Gerrilee Bowerbank,43
Gaylor Mungane,91
Cyndia Lunge,63
Juliet Margett,39
Stephan Heaseman,52
Liane Kennagh,65
Katine Duckworth,40
Wiley Loukes,14
Augustine Titterell,70
Josee Oddy,14
Cletis Juarez,47
Nata Bautiste,69
Ferrell Selwood,1
Mathian Beelby,39
Florry Povah,55
Rowland Burress,77
Raynard Bodycomb,60
Tate Chipchase,92
Shae Santostefano.,81
Sarena Hamshere,91
Aridatha Diprose,47
Correy Arends,20
Latia Ansteys,49
Lexine Grunwall,4
Broderic Renvoys,32
Gert Speller,8
Denni Cotte,88
Sophie Farfull,50
Carree A'field,85
Roscoe Broggetti,45
Maryanne Attock,79
Odele Skains,92
Urson Cunde,71
Matthaeus De Dei,23
Gina Thumann,23
Warren Ondrusek,71
Wini Zellner,44
Ikey Commander,9
Munroe Benton,13
Meagan Presswell,69
Boyce Kensington,75
Stillman Rennels,66
Riordan Bennoe,77
Dulsea Charopen,60
Morten Maskall,70
Moshe Wikey,28
Carleton Frankish,85
Alphard Torres,90
Elyssa Coners,28
Pansie Wilkenson,93
Kirby Mecchi,48
Wanids Lawful,54
Nikoletta Spofforth,47
Valencia Osbaldeston,90
Shayna Sikorsky,67
Lanae Fieldsend,47
Renelle Handforth,36
Tabbatha Cadge,39
Raynor Blasi,5
Mickie Laverick,13
Sheff Wyatt,15
Mildred Rieflin,35
Vernon Brookwood,22
Valma Dilliway,45
Frank Goodhew,74
Sibyl Irons,91
Shea Theodoris,90
Artur Elgy,68
Bryan Comley,83
Bertina Demangeot,95
Anneliese Malenoir,84
Leonora Hercock,81
Stevy Berthod,91
Rudd Handscombe,58
Frankie Casbolt,48
Dode Lassen,11
Sheffield Crumpe,17
Grover Newbatt,35
Becka Cana,42
Freddy Jaine,42
Martica Orbine,41
Carlina Dalgarno,22
Eduino Jesteco,74
Homer Siehard,86
Ofilia Gauchier,50
Virge Beauchamp,56
Rana Tuplin,5
Pall McKinty,32
Traci Ney,80
Theadora Laba,1
Erv Donneely,21
Salomone Alennikov,5
Angie Casburn,54
Georgianne Vivash,85
Clerc Fyfe,64
Bengt Gramer,54
Vitia Stannard,93
Karol Tuddall,53
Miller Tenwick,83
Arlana Laban,77
Lurlene Semmens,64
Shermy Keningley,51
Sherman Weekly,19
Fabian Camock,21
Archibald Allain,65
Jilly Keigher,57
Aurelea Cannan,85
Agneta Gauden,67
Godfrey Iddenden,5
Karisa Vase,74
Emile McDuall,50
Bondie Gladdis,5
Shanda Broggini,84
Kayla Kepling,90
Celia Ludee,82
Gennifer Worner,61
Lil Poile,10
Blakelee Reddings,48
Tessa Chalfant,72
Tristam Batstone,43
Darline Bennet,13
Leila Sivell,85
Ashia Hedden,45
Addy Wooller,27
Drucill Clery,47
Jacenta Elms,19
Nolie Hogbin,57
Corabel Enticknap,63
Gorden Swainson,77
Dannie Karel,59
Reinwald Sandon,5
Alejandra Joynes,49
Royce Chaudron,4
Astrix Maciak,82
Faythe Benedicte,25
Renault Hand,54
Perry Scammonden,58
Gavan De Banke,20
Christa Ellwand,10
Daron Adame,55
Chilton Dorran,24
Pattie Greder,36
Aylmar Di Lucia,53
Tresa Lovegrove,47
Brinn Cowdray,29
Park Kynston,75
Pansie Gatchel,59
Alina Sennett,88
Hannah Massimo,64
Kearney Melwall,14
Terry Ackermann,36
Marcelo Asee,86
Shawna Timblett,87
Rodolphe Kerwen,81
Claudian Gossop,75
Bevan Alcorn,57
Adi Bendon,90
Donnell Lamboll,94
Hagan Gout,77
Hermia Triplet,61
Bobbie Grioli,52
Arther Roycroft,92
Gabriell Chasmor,62
Fidole McJury,53
Rancell Guerreiro,26
Guillema Cashmore,43
Kristin Joost,20
Millie Talbot,10
Gael Medwell,13
Rhona Peschke,51
Wells Chateau,56
Scarlet Divill,59
Darbie Juszczyk,44
Petrina Balentyne,85
Kaleena Naile,71
Elnora South,55
Lucian Fernandez,6
Shelba Ferrey,12
Layne Porte,60
Odelinda Riste,56
Roman Doudney,46
Sigmund Cardus,54
Dannie Rosenbloom,56
Noll Mullaney,75
Cordelia MacCallion,48
Ailene Gillman,17
Gonzalo Galsworthy,87
Nance Slocomb,61
Andi O'Halloran,75
Georgianne Rochell,86
Fanchon Ruprechter,3
Fanchon Attawell,17
Philippe O' Timony,85
Florinda Arr,58
Pierette Spender,52
Eadmund Mantrup,44
Heidie Curphey,85
Shelba Cardow,82
Delphine Seabrooke,57